team,avg_sentiment,median_sentiment,std_sentiment,min_sentiment,max_sentiment,n_comments,positive_pct,negative_pct,neutral_pct,matches_played,wins,draws,losses,win_pct,points,ppg,home_win_pct,away_win_pct
Arsenal,0.10615994747209455,0.0,0.44951457818757196,-0.9711,0.9796,1523.0,43.729481286933684,26.460932370321732,29.80958634274458,76,48,19,9,63.1578947368421,163,2.1447368421052633,68.42105263157895,57.89473684210527
Aston Villa,0.0,0.0,0.0,0.0,0.0,0.0,0.0,0.0,0.0,76,39,17,20,51.31578947368421,134,1.763157894736842,60.526315789473685,42.10526315789473
Bournemouth,0.0,0.0,0.0,0.0,0.0,0.0,0.0,0.0,0.0,76,28,20,28,36.84210526315789,104,1.368421052631579,39.473684210526315,34.21052631578947
Brentford,0.0,0.0,0.0,0.0,0.0,0.0,0.0,0.0,0.0,76,26,17,33,34.21052631578947,95,1.25,36.84210526315789,31.57894736842105
Brighton,0.0,0.0,0.0,0.0,0.0,0.0,0.0,0.0,0.0,76,28,25,23,36.84210526315789,109,1.4342105263157894,42.10526315789473,31.57894736842105
Chelsea,0.09892720588235294,0.0,0.4995348665348465,-0.8345,0.9894,136.0,38.970588235294116,33.82352941176471,27.205882352941174,76,38,18,20,50.0,132,1.736842105263158,60.526315789473685,39.473684210526315
Crystal Palace,0.0,0.0,0.0,0.0,0.0,0.0,0.0,0.0,0.0,76,26,24,26,34.21052631578947,102,1.3421052631578947,36.84210526315789,31.57894736842105
Everton,0.0,0.0,0.0,0.0,0.0,0.0,0.0,0.0,0.0,76,24,24,28,31.57894736842105,96,1.263157894736842,34.21052631578947,28.947368421052634
Fulham,0.0,0.0,0.0,0.0,0.0,0.0,0.0,0.0,0.0,76,28,17,31,36.84210526315789,101,1.3289473684210527,42.10526315789473,31.57894736842105
Ipswich,0.0,0.0,0.0,0.0,0.0,0.0,0.0,0.0,0.0,38,4,10,24,10.526315789473683,22,0.5789473684210527,5.263157894736842,15.789473684210526
Leicester,0.0,0.0,0.0,0.0,0.0,0.0,0.0,0.0,0.0,38,6,7,25,15.789473684210526,25,0.6578947368421053,21.052631578947366,10.526315789473683
Liverpool,0.09176842309182487,0.0,0.47393501908644187,-0.9888,0.9894,2581.0,43.04533126695079,30.45331266950794,26.501356063541266,76,49,19,8,64.47368421052632,166,2.1842105263157894,76.31578947368422,52.63157894736842
Man City,-0.020434545454545455,0.0,0.48951164844258777,-0.9659,0.9712,220.0,33.63636363636363,40.909090909090914,25.454545454545453,76,49,15,12,64.47368421052632,162,2.1315789473684212,71.05263157894737,57.89473684210527
Man United,0.3570285714285714,0.4404,0.4121439658316358,-0.7717,0.9274,35.0,77.14285714285715,14.285714285714285,8.571428571428571,76,29,15,32,38.15789473684211,102,1.3421052631578947,44.73684210526316,31.57894736842105
Newcastle,0.0,0.0,0.0,0.0,0.0,0.0,0.0,0.0,0.0,76,38,12,26,50.0,126,1.6578947368421053,63.1578947368421,36.84210526315789
Southampton,0.0,0.0,0.0,0.0,0.0,0.0,0.0,0.0,0.0,38,2,6,30,5.263157894736842,12,0.3157894736842105,5.263157894736842,5.263157894736842
Tottenham,0.1572667900092507,0.0,0.4200497036923144,-0.9421,0.9905,1081.0,46.53098982423682,20.53654024051804,32.932469935245145,76,31,11,34,40.78947368421053,104,1.368421052631579,50.0,31.57894736842105
West Ham,0.0,0.0,0.0,0.0,0.0,0.0,0.0,0.0,0.0,76,25,20,31,32.89473684210527,95,1.25,31.57894736842105,34.21052631578947
Wolves,0.0,0.0,0.0,0.0,0.0,0.0,0.0,0.0,0.0,76,25,13,38,32.89473684210527,88,1.1578947368421053,36.84210526315789,28.947368421052634
